Frame,Time_s,Phase,Knee_deg,Arm_deg,Trunk_deg,Arm_AngVel_deg_s,COM_X_px,COM_Y_px
1,0.0,RUNUP,168.73,152.4,140.74,0,356,169
2,0.033,RUNUP,167.61,151.18,141.0,-36.5,356,169
3,0.067,RUNUP,166.92,150.8,141.9,-11.39,356,169
4,0.1,RUNUP,162.85,150.82,138.56,0.41,356,169
5,0.133,RUNUP,166.42,151.67,139.38,25.65,356,168
6,0.167,RUNUP,166.26,153.01,141.93,40.04,356,168
7,0.2,RUNUP,174.47,155.04,143.97,61.17,357,167
8,0.233,RUNUP,171.22,154.92,140.77,-3.72,357,167
9,0.267,RUNUP,171.35,156.61,140.53,50.57,358,166
10,0.3,RUNUP,172.59,159.79,142.47,95.56,359,166
11,0.333,RUNUP,175.3,159.47,145.37,-9.77,359,166
12,0.367,RUNUP,177.98,159.07,148.21,-11.83,360,166
13,0.4,RUNUP,178.97,158.23,151.04,-25.14,360,166
14,0.433,RUNUP,177.62,156.79,154.37,-43.15,361,167
15,0.467,RUNUP,177.45,157.14,156.42,10.34,361,167
16,0.5,RUNUP,178.3,155.3,157.36,-55.06,362,168
17,0.533,RUNUP,177.25,153.01,160.24,-68.7,363,168
18,0.567,RUNUP,176.37,153.33,164.93,9.42,363,169
19,0.6,RUNUP,178.57,154.42,166.3,32.7,363,169
20,0.633,RUNUP,177.65,153.34,166.64,-32.2,364,169
21,0.667,RUNUP,174.96,152.08,166.45,-38.07,365,169
22,0.7,RUNUP,172.17,150.93,166.65,-34.5,365,170
23,0.733,RUNUP,164.06,149.92,163.08,-30.24,366,170
24,0.767,RUNUP,155.13,150.83,159.13,27.42,366,170
25,0.8,RUNUP,147.41,151.13,155.49,9.01,366,170
26,0.833,RUNUP,136.81,150.83,149.57,-9.04,366,170
27,0.867,RUNUP,138.0,151.66,143.42,24.95,366,170
28,0.9,RUNUP,126.94,151.83,140.78,5.19,366,170
29,0.933,LOAD,123.99,151.37,139.71,-14.01,366,170
30,0.967,DELIVERY,120.15,152.49,136.94,33.55,366,170
31,1.0,DELIVERY,116.85,152.79,134.45,9.14,367,170
32,1.033,DELIVERY,113.56,151.9,129.86,-26.68,367,169
33,1.067,DELIVERY,113.67,152.44,126.07,16.3,367,169
34,1.1,DELIVERY,114.21,153.06,122.22,18.56,368,169
35,1.133,DELIVERY,116.53,153.38,119.82,9.56,369,168
36,1.167,DELIVERY,119.47,153.43,116.06,1.44,370,168
37,1.2,DELIVERY,125.94,150.93,115.67,-74.98,371,168
38,1.233,DELIVERY,131.66,140.4,114.65,-315.88,373,168
39,1.267,DELIVERY,137.84,143.48,113.79,92.33,374,168
40,1.3,DELIVERY,144.85,178.17,115.32,1040.65,375,168
41,1.333,DELIVERY,150.49,95.79,115.57,-2471.19,377,168
42,1.367,DELIVERY,157.54,119.52,118.13,711.61,378,168
43,1.4,DELIVERY,163.04,134.86,122.21,460.26,379,169
44,1.433,DELIVERY,169.2,137.47,126.48,78.31,381,169
45,1.467,DELIVERY,172.13,140.87,126.88,101.96,382,169
46,1.5,DELIVERY,172.57,140.39,126.66,-14.14,384,170
47,1.533,DELIVERY,173.83,143.58,129.68,95.44,385,170
48,1.567,DELIVERY,172.72,143.37,131.88,-6.24,386,171
49,1.6,DELIVERY,171.72,145.32,132.64,58.67,387,171
50,1.633,DELIVERY,171.33,112.77,133.9,-976.7,388,172
51,1.667,DELIVERY,168.3,137.99,132.94,756.71,388,172
52,1.7,DELIVERY,163.72,150.24,131.19,367.46,389,173
53,1.733,DELIVERY,158.8,150.56,130.75,9.68,389,173
54,1.767,DELIVERY,154.58,152.57,131.5,60.09,390,174
55,1.8,DELIVERY,152.6,156.35,131.75,113.67,390,174
56,1.833,DELIVERY,149.54,158.35,131.35,59.99,391,175
57,1.867,DELIVERY,147.36,158.58,131.67,6.9,391,175
58,1.9,DELIVERY,143.34,156.42,130.78,-64.89,392,176
59,1.933,DELIVERY,139.66,155.06,129.36,-40.84,393,176
60,1.967,DELIVERY,139.18,155.69,132.12,19.05,394,176
61,2.0,DELIVERY,144.63,155.85,133.95,4.7,395,176
62,2.033,DELIVERY,143.68,154.87,131.88,-29.36,396,176
63,2.067,DELIVERY,143.14,152.86,128.14,-60.27,396,176
64,2.1,DELIVERY,149.91,150.41,144.09,-73.58,397,175
65,2.133,DELIVERY,149.32,148.7,146.61,-51.34,398,175
66,2.167,DELIVERY,148.94,148.69,149.37,-0.26,399,175
67,2.2,DELIVERY,146.2,148.87,150.15,5.43,400,175
68,2.233,DELIVERY,144.74,146.51,152.25,-70.76,401,175
69,2.267,DELIVERY,141.89,142.38,152.25,-123.93,401,174
70,2.3,DELIVERY,130.86,136.73,146.85,-169.5,402,174
71,2.333,DELIVERY,172.9,136.04,143.37,-20.81,402,174
72,2.367,DELIVERY,168.59,134.95,142.97,-32.68,402,174
73,2.4,DELIVERY,165.53,136.37,144.47,42.58,402,174
74,2.433,DELIVERY,159.57,136.45,145.45,2.33,402,174
75,2.467,DELIVERY,121.89,137.81,148.26,40.77,402,174
76,2.5,DELIVERY,112.82,139.62,146.35,54.3,403,175
77,2.533,DELIVERY,107.59,138.11,143.21,-45.06,403,175
78,2.567,DELIVERY,102.84,133.61,141.11,-135.01,403,175
79,2.6,DELIVERY,103.77,136.96,141.93,100.5,403,175
80,2.633,DELIVERY,104.56,139.13,139.56,64.97,404,175
81,2.667,DELIVERY,107.71,142.63,137.67,104.95,404,175
82,2.7,DELIVERY,106.23,145.8,134.62,95.12,405,174
83,2.733,DELIVERY,108.02,144.5,131.72,-39.02,405,174
84,2.767,DELIVERY,110.3,145.17,131.23,20.26,406,173
85,2.8,DELIVERY,115.85,146.24,132.13,31.95,406,173
86,2.833,DELIVERY,122.45,148.72,134.48,74.52,406,172
87,2.867,DELIVERY,127.67,146.0,135.93,-81.75,406,171
88,2.9,DELIVERY,133.34,147.68,137.11,50.64,405,170
89,2.933,DELIVERY,138.44,150.09,138.3,72.21,405,169
90,2.967,DELIVERY,140.29,149.49,138.74,-17.91,404,168
91,3.0,DELIVERY,143.84,147.8,140.88,-50.88,403,167
92,3.033,DELIVERY,151.0,147.42,144.24,-11.26,402,166
93,3.067,DELIVERY,154.62,145.66,147.18,-52.98,401,166
94,3.1,DELIVERY,159.54,144.86,150.69,-23.97,400,166
95,3.133,DELIVERY,161.47,145.65,151.97,23.86,399,166
96,3.167,DELIVERY,159.99,145.57,151.84,-2.46,397,166
97,3.2,DELIVERY,155.27,144.47,151.79,-33.15,396,166
98,3.233,DELIVERY,157.34,149.16,154.54,140.79,394,167
99,3.267,DELIVERY,155.63,152.4,156.13,97.34,393,168
100,3.3,DELIVERY,160.24,153.3,159.56,26.88,392,168
101,3.333,DELIVERY,163.99,156.37,163.84,92.2,391,169
102,3.367,DELIVERY,162.66,163.13,165.43,202.86,390,170
103,3.4,DELIVERY,161.98,164.49,164.76,40.63,389,171
104,3.433,DELIVERY,159.24,166.69,163.32,65.99,388,171
105,3.467,DELIVERY,160.99,167.96,165.19,38.17,387,172
106,3.5,DELIVERY,159.76,166.55,166.25,-42.46,386,172
107,3.533,DELIVERY,157.8,166.46,167.77,-2.7,385,172
108,3.567,DELIVERY,155.4,164.82,167.69,-49.01,384,172
109,3.6,DELIVERY,153.25,164.14,168.08,-20.61,382,173
110,3.633,DELIVERY,148.14,163.58,166.45,-16.69,381,173
111,3.667,DELIVERY,142.26,162.86,163.79,-21.56,379,173
112,3.7,DELIVERY,134.43,161.53,160.08,-39.83,378,173
113,3.733,DELIVERY,128.94,161.97,158.67,13.16,376,173
114,3.767,DELIVERY,121.1,164.61,154.34,79.14,374,173
115,3.8,DELIVERY,159.66,163.38,150.96,-37.03,373,173
116,3.833,DELIVERY,136.02,160.71,152.32,-80.08,371,173
117,3.867,DELIVERY,129.7,159.85,150.86,-25.76,370,174
118,3.9,DELIVERY,118.59,159.45,147.68,-11.99,368,174
119,3.933,DELIVERY,106.05,155.6,145.09,-115.32,366,174
120,3.967,DELIVERY,104.28,150.61,145.53,-149.84,365,175
121,4.0,DELIVERY,100.8,149.74,143.77,-25.93,364,175
122,4.033,DELIVERY,103.03,146.65,141.38,-92.93,363,174
123,4.067,DELIVERY,103.8,144.78,137.67,-56.03,362,174
124,4.1,DELIVERY,106.33,145.2,137.03,12.58,361,174
125,4.133,DELIVERY,105.73,147.02,134.28,54.76,360,174
126,4.167,DELIVERY,108.29,151.46,133.14,133.23,360,173
127,4.2,DELIVERY,112.63,154.56,132.83,92.73,359,172
128,4.233,DELIVERY,118.39,153.39,134.29,-34.99,358,171
129,4.267,DELIVERY,123.05,153.37,134.17,-0.55,358,170
130,4.3,DELIVERY,127.9,149.54,134.72,-114.81,357,168
131,4.333,DELIVERY,131.46,177.87,135.24,849.77,357,167
132,4.367,DELIVERY,137.24,120.76,137.9,-1713.25,356,167
133,4.4,DELIVERY,141.47,120.12,139.55,-19.27,355,166
134,4.433,DELIVERY,147.87,133.24,142.2,393.65,355,166
135,4.467,DELIVERY,152.97,148.38,145.92,454.19,354,166
136,4.5,DELIVERY,153.47,158.04,145.78,289.76,354,166
137,4.533,DELIVERY,152.49,161.44,145.13,102.04,354,167
138,4.567,DELIVERY,148.38,163.21,144.82,53.18,354,168
139,4.6,DELIVERY,145.25,164.6,145.35,41.52,354,169
140,4.633,DELIVERY,142.13,167.25,144.37,79.57,354,170
141,4.667,DELIVERY,146.0,167.19,147.3,-1.82,355,171
142,4.7,DELIVERY,151.78,177.2,153.57,300.34,356,172
143,4.733,DELIVERY,152.25,179.39,157.42,65.61,357,173
144,4.767,DELIVERY,151.54,177.25,158.3,-64.08,358,174
145,4.8,DELIVERY,153.54,177.2,158.97,-1.43,359,175
146,4.833,DELIVERY,154.9,173.83,161.18,-101.09,360,176
147,4.867,DELIVERY,158.13,176.29,165.22,73.77,360,176
148,4.9,DELIVERY,158.84,179.95,167.9,109.58,360,177
149,4.933,DELIVERY,158.03,178.44,170.6,-45.23,361,177
150,4.967,DELIVERY,158.18,178.2,173.36,-7.07,361,177
151,5.0,DELIVERY,156.42,178.05,174.45,-4.48,361,178
152,5.033,DELIVERY,152.12,177.24,173.64,-24.45,361,178
153,5.067,DELIVERY,144.73,179.35,170.57,63.48,361,178
154,5.1,DELIVERY,137.74,178.27,166.03,-32.37,361,178
155,5.133,DELIVERY,130.2,175.77,162.59,-75.0,361,178
156,5.167,DELIVERY,122.03,174.51,159.08,-37.91,361,179
157,5.2,DELIVERY,114.18,174.36,155.35,-4.48,361,180
158,5.233,DELIVERY,115.3,178.4,152.83,121.21,361,180
159,5.267,DELIVERY,102.39,175.28,145.94,-93.68,360,181
160,5.3,DELIVERY,101.19,169.56,144.8,-171.67,360,181
161,5.333,DELIVERY,100.31,166.5,141.41,-91.8,359,182
162,5.367,DELIVERY,94.59,164.12,138.95,-71.27,359,182
163,5.4,DELIVERY,86.04,160.79,135.74,-99.93,359,182
164,5.433,DELIVERY,83.07,158.17,131.72,-78.64,360,182
165,5.467,DELIVERY,84.87,153.67,128.57,-134.85,360,182
166,5.5,DELIVERY,86.31,153.41,125.98,-8.01,361,181
167,5.533,DELIVERY,87.25,149.56,123.01,-115.43,361,181
168,5.567,DELIVERY,91.04,151.91,120.25,70.46,362,180
169,5.6,DELIVERY,96.31,154.27,119.43,70.95,363,178
170,5.633,DELIVERY,104.72,151.21,122.18,-91.96,363,177
171,5.667,DELIVERY,111.65,150.25,123.4,-28.86,363,176
172,5.7,DELIVERY,117.56,136.69,124.84,-406.82,363,175
173,5.733,DELIVERY,123.9,126.94,126.36,-292.45,364,174
174,5.767,DELIVERY,129.66,129.99,127.73,91.51,364,173
175,5.8,DELIVERY,132.14,135.26,127.89,158.23,364,172
176,5.833,DELIVERY,136.19,139.05,129.9,113.77,363,171
177,5.867,DELIVERY,139.28,146.94,132.3,236.63,363,171
178,5.9,DELIVERY,144.11,150.01,135.26,91.99,363,171
179,5.933,DELIVERY,148.09,149.44,137.85,-16.96,362,171
180,5.967,DELIVERY,148.12,151.36,138.43,57.39,362,171
181,6.0,DELIVERY,147.15,153.07,139.07,51.32,361,172
182,6.033,DELIVERY,142.04,163.18,139.54,303.44,361,172
183,6.067,DELIVERY,140.33,169.97,141.01,203.81,361,173
184,6.1,DELIVERY,138.85,174.54,141.3,137.08,361,174
185,6.133,DELIVERY,152.56,176.39,151.44,55.52,361,175
186,6.167,DELIVERY,148.81,176.35,154.25,-1.22,361,176
187,6.2,DELIVERY,149.24,179.55,156.41,95.77,361,177
188,6.233,DELIVERY,149.65,177.11,157.16,-72.95,362,178
189,6.267,DELIVERY,150.48,179.66,158.69,76.5,362,178
190,6.3,DELIVERY,151.22,165.21,160.76,-433.71,362,179
191,6.333,DELIVERY,155.32,165.57,166.29,10.8,362,179
192,6.367,DELIVERY,156.41,157.91,170.29,-229.78,362,179
193,6.4,DELIVERY,155.58,161.34,172.25,103.01,362,179
194,6.433,DELIVERY,154.05,173.85,175.99,375.24,361,180
195,6.467,DELIVERY,149.68,179.49,176.07,169.11,361,180
196,6.5,DELIVERY,148.59,175.72,176.16,-113.17,360,180
197,6.533,DELIVERY,140.72,173.25,174.04,-74.03,360,180
198,6.567,DELIVERY,129.69,171.73,168.29,-45.56,359,180
199,6.6,DELIVERY,120.06,177.36,164.15,168.94,358,181
200,6.633,DELIVERY,111.75,177.73,159.68,11.22,358,181
201,6.667,DELIVERY,106.01,172.83,158.05,-147.22,357,182
202,6.7,DELIVERY,151.1,166.51,147.68,-189.59,356,182
203,6.733,DELIVERY,95.96,163.16,145.26,-100.37,355,183
204,6.767,DELIVERY,134.11,153.0,142.47,-304.75,354,184
205,6.8,DELIVERY,84.55,143.41,138.57,-287.84,353,184
206,6.833,DELIVERY,72.75,139.24,133.31,-125.19,352,185
207,6.867,DELIVERY,75.53,122.74,130.57,-494.77,351,185
208,6.9,DELIVERY,67.52,139.44,127.68,501.0,351,185
209,6.933,DELIVERY,70.67,162.77,123.55,699.88,351,185
210,6.967,DELIVERY,72.9,163.38,120.36,18.35,351,185
211,7.0,DELIVERY,73.2,144.96,114.31,-552.79,350,184
212,7.033,DELIVERY,72.92,149.94,109.91,149.45,350,184
213,7.067,DELIVERY,76.45,148.97,107.85,-29.02,350,183
214,7.1,DELIVERY,82.79,149.75,108.89,23.4,349,183
215,7.133,DELIVERY,89.75,149.78,111.71,0.76,348,182
216,7.167,DELIVERY,98.19,171.03,113.42,637.46,347,181
217,7.2,DELIVERY,106.45,156.06,114.84,-448.91,346,180
218,7.233,DELIVERY,114.52,165.23,117.67,274.93,344,179
219,7.267,DELIVERY,120.54,169.43,120.34,125.98,343,178
220,7.3,DELIVERY,124.54,163.43,121.72,-179.86,341,178
221,7.333,DELIVERY,128.56,161.09,124.29,-70.15,339,177
222,7.367,DELIVERY,134.64,165.99,128.78,147.07,338,177
223,7.4,DELIVERY,135.79,130.7,126.67,-1058.78,336,177
224,7.433,DELIVERY,137.79,145.55,130.94,445.45,335,178
225,7.467,DELIVERY,137.79,177.09,134.95,946.28,333,178
226,7.5,DELIVERY,137.69,161.6,137.55,-464.84,331,178
227,7.533,DELIVERY,138.48,133.02,139.92,-857.48,329,179
228,7.567,DELIVERY,133.3,138.81,137.95,173.87,328,180
229,7.6,DELIVERY,132.46,124.8,137.12,-420.23,326,181
230,7.633,DELIVERY,136.62,133.35,143.0,256.49,325,182
231,7.667,DELIVERY,138.78,137.65,141.45,128.86,324,182
232,7.7,DELIVERY,141.41,167.14,148.42,884.64,323,183
233,7.733,DELIVERY,136.73,149.04,148.55,-543.01,322,183
234,7.767,DELIVERY,137.12,167.4,154.55,550.81,321,184
235,7.8,DELIVERY,143.74,175.51,159.56,243.56,321,184
236,7.833,DELIVERY,144.33,176.36,162.89,25.41,320,184
237,7.867,DELIVERY,150.08,14.98,171.39,-4841.5,319,184
238,7.9,DELIVERY,152.69,110.16,175.93,2855.45,318,184
239,7.933,DELIVERY,152.54,123.22,178.42,391.66,316,183
240,7.967,DELIVERY,153.98,128.4,176.77,155.62,315,183
241,8.0,DELIVERY,152.57,144.89,176.64,494.73,313,182
242,8.033,DELIVERY,149.52,163.32,176.91,552.72,311,181
243,8.067,DELIVERY,143.14,174.89,178.0,347.29,310,180
244,8.1,DELIVERY,136.81,149.16,179.63,-772.09,309,180
245,8.133,DELIVERY,133.06,155.01,179.47,175.57,307,179
246,8.167,DELIVERY,125.15,168.84,178.16,414.77,306,179
247,8.2,DELIVERY,115.26,171.58,173.9,82.37,306,179
248,8.233,DELIVERY,104.62,167.29,166.64,-128.62,305,180
249,8.267,DELIVERY,97.86,151.63,163.44,-469.91,305,180
250,8.3,DELIVERY,90.13,140.57,156.89,-331.83,305,181
251,8.333,DELIVERY,140.62,128.83,149.3,-352.28,304,181
252,8.367,DELIVERY,131.8,93.15,147.6,-1070.29,304,181
253,8.4,DELIVERY,134.52,101.83,149.21,260.42,304,181
254,8.433,DELIVERY,77.01,99.21,130.69,-78.74,304,182
255,8.467,DELIVERY,62.47,95.94,121.34,-98.08,304,182
256,8.5,DELIVERY,71.37,85.54,119.31,-311.85,304,182
257,8.533,DELIVERY,71.35,151.11,114.06,1967.16,304,182
258,8.567,FOLLOWTHROUGH,74.85,61.25,109.39,-2695.82,305,182
259,8.6,FOLLOWTHROUGH,76.14,37.91,105.8,-700.26,305,182
260,8.633,FOLLOWTHROUGH,81.52,49.65,104.82,352.09,305,182
261,8.667,FOLLOWTHROUGH,88.82,45.42,107.28,-126.72,304,181
262,8.7,FOLLOWTHROUGH,98.36,34.59,114.88,-325.13,303,180
263,8.733,FOLLOWTHROUGH,108.05,88.5,118.21,1617.42,302,179
264,8.767,FOLLOWTHROUGH,118.04,74.21,115.57,-428.81,300,177
265,8.8,FOLLOWTHROUGH,122.87,82.26,117.74,241.53,298,176
266,8.833,FOLLOWTHROUGH,121.92,94.23,120.83,359.02,297,175
267,8.867,FOLLOWTHROUGH,124.33,163.7,127.81,2084.19,296,174
268,8.9,FOLLOWTHROUGH,125.16,171.04,128.81,220.3,295,174
269,8.933,FOLLOWTHROUGH,131.38,170.31,135.27,-21.99,295,173
270,8.967,FOLLOWTHROUGH,129.93,170.38,140.28,2.23,295,173
271,9.0,FOLLOWTHROUGH,134.27,120.96,146.92,-1482.74,297,172
272,9.033,FOLLOWTHROUGH,170.31,84.09,157.11,-1106.09,304,170
273,9.067,FOLLOWTHROUGH,163.22,139.44,169.87,1660.4,313,168
274,9.1,FOLLOWTHROUGH,154.95,69.94,170.9,-2084.75,319,167
275,9.133,FOLLOWTHROUGH,156.16,63.95,172.02,-179.88,327,166
276,9.167,FOLLOWTHROUGH,145.27,23.79,173.61,-1204.79,333,167
277,9.2,FOLLOWTHROUGH,139.98,150.03,167.34,3787.28,338,167
278,9.233,FOLLOWTHROUGH,137.96,132.07,166.4,-538.81,342,168
279,9.267,FOLLOWTHROUGH,125.81,41.18,169.06,-2726.85,332,171
280,9.3,FOLLOWTHROUGH,128.55,171.06,174.03,3896.61,320,174
281,9.333,FOLLOWTHROUGH,122.9,158.24,174.44,-384.57,310,176
282,9.367,FOLLOWTHROUGH,127.71,172.49,179.46,427.39,302,177
283,9.4,FOLLOWTHROUGH,131.94,177.67,174.22,155.46,296,178
284,9.433,FOLLOWTHROUGH,135.62,167.38,168.24,-308.89,290,178
285,9.467,FOLLOWTHROUGH,136.9,176.19,160.39,264.54,286,178
286,9.5,FOLLOWTHROUGH,136.53,178.01,158.37,54.57,283,178
287,9.533,FOLLOWTHROUGH,135.62,175.59,157.58,-72.79,280,178
288,9.567,FOLLOWTHROUGH,133.29,178.43,157.66,85.29,278,178
289,9.6,FOLLOWTHROUGH,127.74,173.58,158.58,-145.44,275,178
290,9.633,FOLLOWTHROUGH,118.64,176.05,160.63,74.01,273,179
291,9.667,FOLLOWTHROUGH,107.77,174.72,165.09,-39.72,271,179
292,9.7,FOLLOWTHROUGH,97.81,176.98,169.29,67.61,269,179
293,9.733,FOLLOWTHROUGH,85.43,128.74,179.08,-1447.0,268,179
294,9.767,FOLLOWTHROUGH,139.92,179.06,170.38,1509.48,266,179
295,9.8,FOLLOWTHROUGH,69.68,177.52,155.84,-46.19,265,178
296,9.833,FOLLOWTHROUGH,58.85,155.64,151.47,-656.4,263,177
297,9.867,FOLLOWTHROUGH,59.25,165.67,150.22,300.75,263,176
298,9.9,FOLLOWTHROUGH,58.86,169.34,140.63,110.22,262,174
299,9.933,FOLLOWTHROUGH,53.0,170.09,134.05,22.61,262,172
300,9.967,FOLLOWTHROUGH,53.69,171.72,128.16,48.87,262,170
301,10.0,FOLLOWTHROUGH,55.35,171.92,122.1,5.87,263,168
302,10.033,FOLLOWTHROUGH,54.59,166.34,112.06,-167.34,263,166
303,10.067,FOLLOWTHROUGH,58.0,166.37,110.79,0.82,264,163
304,10.1,FOLLOWTHROUGH,59.84,164.75,105.64,-48.45,265,161
305,10.133,FOLLOWTHROUGH,63.72,166.01,107.23,37.72,266,158
306,10.167,FOLLOWTHROUGH,67.49,164.73,109.47,-38.41,267,156
307,10.2,FOLLOWTHROUGH,70.96,166.04,110.74,39.21,268,153
308,10.233,FOLLOWTHROUGH,75.38,165.59,111.16,-13.4,268,152
309,10.267,FOLLOWTHROUGH,80.98,168.16,114.06,77.24,269,150
310,10.3,FOLLOWTHROUGH,85.59,164.28,115.65,-116.39,270,148
311,10.333,FOLLOWTHROUGH,91.07,177.0,116.86,381.57,271,147
312,10.367,FOLLOWTHROUGH,95.34,133.99,117.08,-1290.45,272,146
313,10.4,FOLLOWTHROUGH,101.48,95.42,118.92,-1157.12,273,145
314,10.433,FOLLOWTHROUGH,107.82,104.73,119.06,279.5,274,144
315,10.467,FOLLOWTHROUGH,116.43,172.37,125.85,2028.99,275,144
316,10.5,FOLLOWTHROUGH,121.2,173.96,128.0,47.69,277,144
317,10.533,FOLLOWTHROUGH,131.86,164.25,132.91,-291.37,278,144
318,10.567,FOLLOWTHROUGH,144.31,172.76,139.76,255.55,279,144
319,10.6,FOLLOWTHROUGH,152.62,174.37,143.11,48.17,281,144
320,10.633,FOLLOWTHROUGH,157.02,173.85,144.14,-15.64,282,145
321,10.667,FOLLOWTHROUGH,159.27,117.02,145.14,-1704.76,283,146
322,10.7,FOLLOWTHROUGH,164.55,172.9,148.24,1676.47,285,147
323,10.733,FOLLOWTHROUGH,167.14,167.76,149.97,-154.3,286,148
324,10.767,FOLLOWTHROUGH,163.35,176.58,147.9,264.47,286,150
325,10.8,FOLLOWTHROUGH,160.48,169.56,146.99,-210.58,287,151
326,10.833,FOLLOWTHROUGH,157.48,96.13,143.79,-2202.85,288,153
327,10.867,FOLLOWTHROUGH,150.26,153.48,140.07,1720.5,288,154
328,10.9,FOLLOWTHROUGH,141.34,177.89,136.06,732.29,288,156
329,10.933,FOLLOWTHROUGH,136.21,157.21,134.54,-620.34,288,157
330,10.967,FOLLOWTHROUGH,133.97,163.52,135.64,189.41,288,158
331,11.0,FOLLOWTHROUGH,126.56,170.74,138.34,216.6,288,160
332,11.033,FOLLOWTHROUGH,123.66,163.53,138.68,-216.5,288,162
333,11.067,FOLLOWTHROUGH,124.51,123.36,140.83,-1204.95,288,163
334,11.1,FOLLOWTHROUGH,124.22,160.45,145.03,1112.77,288,165
335,11.133,FOLLOWTHROUGH,128.67,152.71,149.63,-232.29,289,166
336,11.167,FOLLOWTHROUGH,130.98,147.62,153.76,-152.88,289,168
337,11.2,FOLLOWTHROUGH,137.14,162.35,157.91,442.05,289,169
338,11.233,FOLLOWTHROUGH,138.96,166.35,161.81,120.04,289,171
339,11.267,FOLLOWTHROUGH,147.09,162.95,168.05,-102.1,289,172
340,11.3,FOLLOWTHROUGH,140.55,161.96,169.77,-29.75,290,174
341,11.333,FOLLOWTHROUGH,136.71,170.45,175.4,254.81,289,176
342,11.367,FOLLOWTHROUGH,138.93,141.44,179.01,-870.26,289,177
343,11.4,FOLLOWTHROUGH,138.93,156.41,172.62,449.05,289,179
344,11.433,FOLLOWTHROUGH,139.87,174.68,170.39,548.18,289,181
345,11.467,FOLLOWTHROUGH,141.97,177.11,169.62,72.88,289,183
346,11.5,FOLLOWTHROUGH,147.0,164.9,168.01,-366.36,290,185
347,11.533,FOLLOWTHROUGH,153.29,165.29,165.3,11.57,291,186
348,11.567,FOLLOWTHROUGH,154.95,154.21,170.32,-332.24,292,187
349,11.6,FOLLOWTHROUGH,159.0,150.55,172.5,-109.96,294,188
350,11.633,FOLLOWTHROUGH,160.54,150.05,178.47,-15.03,297,189
351,11.667,FOLLOWTHROUGH,164.6,144.49,177.43,-166.66,301,190
352,11.7,FOLLOWTHROUGH,171.36,148.71,177.34,126.56,305,190
353,11.733,FOLLOWTHROUGH,171.39,145.53,176.29,-95.41,309,189
354,11.767,FOLLOWTHROUGH,158.93,168.38,145.85,685.68,313,188
355,11.8,FOLLOWTHROUGH,157.63,178.96,145.19,317.34,317,186
356,11.833,FOLLOWTHROUGH,144.46,178.38,148.93,-17.5,321,184
357,11.867,FOLLOWTHROUGH,156.94,141.07,145.2,-1119.27,325,181
358,11.9,FOLLOWTHROUGH,165.56,154.91,165.11,415.27,329,179
359,11.933,FOLLOWTHROUGH,168.59,152.84,169.85,-62.09,334,177
360,11.967,FOLLOWTHROUGH,162.96,174.3,166.21,643.85,337,175
361,12.0,FOLLOWTHROUGH,155.43,136.86,160.99,-1123.41,340,172
362,12.033,FOLLOWTHROUGH,150.31,112.66,160.27,-726.02,343,170
363,12.067,FOLLOWTHROUGH,141.31,173.86,155.88,1836.12,346,169
364,12.1,FOLLOWTHROUGH,123.25,178.87,148.55,150.44,350,167
365,12.133,FOLLOWTHROUGH,106.15,171.48,143.05,-221.79,352,166
366,12.167,FOLLOWTHROUGH,97.01,155.84,139.27,-469.29,355,164
367,12.2,FOLLOWTHROUGH,87.37,166.42,135.86,317.38,357,163
368,12.233,FOLLOWTHROUGH,75.57,151.76,126.92,-439.72,360,162
369,12.267,FOLLOWTHROUGH,57.49,168.48,113.72,501.49,362,162
370,12.3,FOLLOWTHROUGH,46.06,170.85,113.05,71.15,364,162
371,12.333,FOLLOWTHROUGH,38.14,159.13,108.4,-351.59,366,163
372,12.367,FOLLOWTHROUGH,154.97,156.66,99.12,-74.19,367,165
373,12.4,FOLLOWTHROUGH,170.35,154.22,96.01,-73.02,368,168
374,12.433,FOLLOWTHROUGH,179.81,166.05,96.97,354.86,369,170
375,12.467,FOLLOWTHROUGH,169.74,172.46,95.14,192.19,370,171
376,12.5,FOLLOWTHROUGH,166.81,178.2,84.14,172.14,372,172
377,12.533,FOLLOWTHROUGH,127.33,171.21,59.81,-209.41,373,173
378,12.567,FOLLOWTHROUGH,146.81,160.63,84.29,-317.39,375,174
379,12.6,FOLLOWTHROUGH,152.56,163.68,90.8,91.43,378,176
380,12.633,FOLLOWTHROUGH,148.37,158.03,97.34,-169.69,379,178
381,12.667,FOLLOWTHROUGH,150.65,157.95,98.48,-2.17,380,179
382,12.7,FOLLOWTHROUGH,98.6,162.11,56.8,124.54,380,179
383,12.733,FOLLOWTHROUGH,123.13,166.9,70.04,143.91,379,179
384,12.767,FOLLOWTHROUGH,120.83,155.37,71.47,-346.0,378,179
385,12.8,FOLLOWTHROUGH,120.95,151.51,80.66,-115.76,378,179
386,12.833,FOLLOWTHROUGH,134.44,139.14,86.84,-371.13,378,181
387,12.867,FOLLOWTHROUGH,141.82,142.07,94.15,87.88,378,182
388,12.9,FOLLOWTHROUGH,132.48,153.48,91.46,342.41,378,184
389,12.933,FOLLOWTHROUGH,129.14,157.29,92.77,114.23,377,185
390,12.967,FOLLOWTHROUGH,124.86,153.18,91.84,-123.34,377,187
391,13.0,FOLLOWTHROUGH,122.79,145.5,96.42,-230.23,376,188
392,13.033,FOLLOWTHROUGH,121.48,139.16,99.34,-190.19,375,190
393,13.067,FOLLOWTHROUGH,125.08,126.36,102.28,-384.19,374,191
394,13.1,FOLLOWTHROUGH,134.26,142.15,114.9,473.74,373,192
395,13.133,FOLLOWTHROUGH,129.26,109.84,116.67,-969.27,371,194
396,13.167,FOLLOWTHROUGH,130.0,105.43,120.16,-132.24,370,195
397,13.2,FOLLOWTHROUGH,127.11,105.59,118.3,4.76,368,196
398,13.233,FOLLOWTHROUGH,124.05,105.95,116.0,10.87,366,197
399,13.267,FOLLOWTHROUGH,124.37,106.98,114.97,30.66,364,198
400,13.3,FOLLOWTHROUGH,124.18,103.41,114.03,-107.0,362,197
401,13.333,FOLLOWTHROUGH,111.1,107.6,111.01,125.78,360,196
402,13.367,FOLLOWTHROUGH,129.3,111.48,118.79,116.23,358,195
403,13.4,FOLLOWTHROUGH,124.83,117.16,114.83,170.48,355,194
404,13.433,FOLLOWTHROUGH,120.26,125.9,116.68,262.32,353,193
405,13.467,FOLLOWTHROUGH,149.94,168.95,139.01,1291.43,352,192
406,13.5,FOLLOWTHROUGH,153.66,171.63,141.84,80.32,350,191
407,13.533,FOLLOWTHROUGH,157.41,176.74,144.72,153.37,348,190
408,13.567,FOLLOWTHROUGH,164.19,166.79,150.12,-298.44,346,189
409,13.6,FOLLOWTHROUGH,165.5,166.63,153.76,-4.93,344,187
410,13.633,FOLLOWTHROUGH,168.09,170.59,158.98,118.86,341,186
411,13.667,FOLLOWTHROUGH,169.75,169.99,161.27,-18.06,339,185
412,13.7,FOLLOWTHROUGH,165.69,170.73,162.24,22.4,336,184
413,13.733,FOLLOWTHROUGH,166.9,167.03,166.65,-111.24,333,183
414,13.767,FOLLOWTHROUGH,161.66,156.07,168.02,-328.56,331,182
415,13.8,FOLLOWTHROUGH,160.61,172.07,171.39,479.86,328,181
416,13.833,FOLLOWTHROUGH,163.02,169.74,177.8,-69.86,325,181
417,13.867,FOLLOWTHROUGH,161.18,178.16,177.6,252.46,322,181
418,13.9,FOLLOWTHROUGH,158.92,176.7,175.62,-43.8,319,181
419,13.933,FOLLOWTHROUGH,157.38,176.43,175.16,-7.89,317,181
420,13.967,FOLLOWTHROUGH,156.24,179.5,172.36,92.1,315,182
421,14.0,FOLLOWTHROUGH,149.75,143.7,171.6,-1074.13,313,182
422,14.033,FOLLOWTHROUGH,139.93,177.61,174.17,1017.35,311,182
423,14.067,FOLLOWTHROUGH,132.54,176.19,177.45,-42.6,310,183
424,14.1,FOLLOWTHROUGH,124.36,174.48,179.85,-51.41,309,183
425,14.133,FOLLOWTHROUGH,114.2,168.92,174.74,-166.64,308,183
426,14.167,FOLLOWTHROUGH,104.55,153.36,168.05,-466.82,307,183
427,14.2,FOLLOWTHROUGH,97.34,167.78,163.51,432.62,306,183
428,14.233,FOLLOWTHROUGH,91.35,163.59,159.65,-125.85,306,183
429,14.267,FOLLOWTHROUGH,86.84,167.77,157.56,125.58,305,183
430,14.3,FOLLOWTHROUGH,84.87,167.96,155.68,5.7,305,183
431,14.333,FOLLOWTHROUGH,83.09,162.08,153.67,-176.39,306,183
432,14.367,FOLLOWTHROUGH,81.79,160.88,149.15,-36.21,306,182
433,14.4,FOLLOWTHROUGH,81.34,160.71,146.32,-4.85,307,181
434,14.433,FOLLOWTHROUGH,79.02,168.76,139.98,241.49,307,180
435,14.467,FOLLOWTHROUGH,71.78,171.43,128.44,79.87,308,179
436,14.5,FOLLOWTHROUGH,69.53,179.12,119.4,230.9,310,178
437,14.533,FOLLOWTHROUGH,72.83,158.91,117.45,-606.37,311,177
438,14.567,FOLLOWTHROUGH,76.65,147.75,115.74,-334.93,312,175
439,14.6,FOLLOWTHROUGH,79.28,148.04,113.78,8.7,312,174
440,14.633,FOLLOWTHROUGH,81.51,158.56,115.58,315.75,313,173
441,14.667,FOLLOWTHROUGH,90.19,157.13,118.3,-43.0,313,172
442,14.7,FOLLOWTHROUGH,95.14,149.0,120.98,-243.71,314,170
443,14.733,FOLLOWTHROUGH,94.34,149.13,118.57,3.78,315,169
444,14.767,FOLLOWTHROUGH,96.99,136.61,117.84,-375.56,315,168
445,14.8,FOLLOWTHROUGH,104.0,123.96,116.54,-379.62,316,167
446,14.833,FOLLOWTHROUGH,106.18,121.8,115.4,-64.89,317,166
447,14.867,FOLLOWTHROUGH,108.78,113.97,115.53,-234.76,318,165
448,14.9,FOLLOWTHROUGH,118.57,110.96,117.29,-90.35,319,164
449,14.933,FOLLOWTHROUGH,124.17,105.64,119.5,-159.42,320,164
450,14.967,FOLLOWTHROUGH,129.38,89.07,120.36,-497.3,321,163
451,15.0,FOLLOWTHROUGH,135.47,92.0,121.43,88.11,321,162
452,15.033,FOLLOWTHROUGH,137.36,93.95,120.52,58.28,321,161
453,15.067,FOLLOWTHROUGH,142.65,88.2,121.18,-172.46,321,161
